,countyfip,population,above_65,percent_above_65,change_pop,change_old_pop,M_population,M_above_65,M_percent_above_65,M_diff
66,12061,145342,43865,0.3018053969258714,3371,-330.4905102271655,148713,43534.509489772834,0.292741787804515,-0.009063609121356397
136,12117,442905,63306,0.14293358620923222,3755,848.3461161615031,446660,64154.346116161505,0.14363127684628466,0.0006976906370524394
291,12059,19569,3691,0.18861464561295926,410,36.294759662240374,19979,3727.2947596622403,0.18656062664108516,-0.0020540189718740998
326,12103,939548,215889,0.2297796387198951,6025,-2203.6670401301512,945573,213685.33295986985,0.2259850196228846,-0.00379461909701051
333,12033,309574,48834,0.15774580552630388,3141,210.49626715410835,312715,49044.49626715411,0.1568344859285743,-0.0009113195977295818
338,12113,163903,23560,0.1437435556396161,3317,597.1004699490755,167220,24157.100469949077,0.14446298570714675,0.0007194300675306409
397,12099,1398757,318068,0.22739332135603255,12488,-2247.608716099177,1411245,315820.3912839008,0.2237884926316131,-0.0036048287244194455
412,12093,39420,6998,0.17752409944190767,195,44.6411197490537,39615,7042.641119749053,0.1777771328978683,0.00025303345596064397
427,12067,8742,1208,0.13818348204072295,235,68.18300012116646,8977,1276.1830001211665,0.14216141251210498,0.003977930471382035
455,12129,31314,4029,0.12866449511400652,-50,56.05505837156422,31264,4085.0550583715644,0.1306632247432051,0.0019987296291985868
457,12095,1256055,134914,0.10741090159268503,9989,6132.967408845086,1266044,141046.96740884508,0.11140763465475535,0.003996733062070323
502,12057,1323059,173133,0.13085810988020943,9027,4721.780214979747,1332086,177854.78021497975,0.1335159893692898,0.0026578794890803614
515,12097,311962,39246,0.12580378379418006,3910,1010.810607197149,315872,40256.81060719715,0.1274465942128367,0.0016428104186566317
544,12101,488310,109345,0.22392537527390388,7462,-395.55723480512046,495772,108949.44276519488,0.21975715200776744,-0.004168223266136445
649,12087,77150,15722,0.2037848347375243,224,-234.5443746885959,77374,15487.455625311404,0.20016356431503352,-0.0036212704224907744
686,12081,353411,90065,0.2548449255965434,10678,801.3722732160542,364089,90866.37227321605,0.24957186916719828,-0.005273056429345141
688,12111,293136,66122,0.22556765460400632,8917,1119.5561142827362,302053,67241.55611428274,0.22261509110746372,-0.002952563496542604
714,12021,348236,103042,0.29589703534384726,6996,-1044.2528922568226,355232,101997.74710774318,0.2871299519968448,-0.008767083347002436
751,12107,72304,15268,0.2111639743306041,584,-31.975545676320383,72888,15236.02445432368,0.20903337249373943,-0.0021306018368646706
859,12091,195798,29527,0.15080337899263527,316,-38.79198515281367,196114,29488.208014847187,0.150362585102783,-0.0004407938898522701
888,12039,46153,7053,0.1528178016596971,-315,-1.286687067671749,45838,7051.713312932328,0.1538398994923934,0.0010220978326963004
916,12047,14362,2211,0.15394791811725386,352,117.38975144204575,14714,2328.389751442046,0.15824315287767066,0.004295234760416794
960,12017,140453,49307,0.3510569371960727,3284,-576.4523592537371,143737,48730.54764074626,0.33902577374473003,-0.012031163451342697
967,12011,1863780,286498,0.15371878655206087,-8764,-1041.170117517642,1855016,285456.82988248236,0.15388375619535485,0.00016496964329398844
979,12015,169642,63824,0.3762275851499039,5237,-807.6245169999676,174879,63016.37548300003,0.36034272544445034,-0.015884859705453558
984,12013,14550,2565,0.17628865979381445,292,27.472793196842023,14842,2592.472793196842,0.17467139153731584,-0.0016172682564986052
1025,12127,510806,118514,0.23201371949428942,8027,-196.93220659953352,518833,118317.06779340046,0.22804460740431018,-0.003969112089979243
1030,12009,560683,126104,0.22491140269992135,8986,-237.2948922880511,569669,125866.70510771195,0.2209470852507543,-0.00396431744916706
1066,12133,24627,4308,0.1749299549275186,211,20.46759702438954,24838,4328.46759702439,0.17426796026348296,-0.0006619946640356311
1108,12037,11705,2333,0.19931653139683897,284,3.197546902718535,11989,2336.1975469027184,0.19486175218139282,-0.004454779215446153
1117,12051,38376,4894,0.12752762143006047,-315,52.167027529780995,38061,4946.167027529781,0.1299536803428649,0.002426058912804424
1124,12086,2664418,406136,0.15242953620640606,-46259,-6610.622147941084,2618159,399525.3778520589,0.15259782841762434,0.00016829221121827942
1127,12043,13420,3475,0.2589418777943368,868,89.60853279541351,14288,3564.6085327954133,0.24948268006686825,-0.00945919772746856
1135,12035,102917,29126,0.2830047514016149,3612,11.488398856469821,106529,29137.48839885647,0.27351696156780286,-0.009487789833812044
1173,12079,18560,3353,0.1806573275862069,-85,-28.627962083130107,18475,3324.37203791687,0.17993894657195506,-0.0007183810142518399
1181,12007,26919,4698,0.17452357071213642,588,115.93289875463856,27507,4813.932898754639,0.17500755803085175,0.0004839873187153232
1228,12123,22582,4009,0.1775307767248251,895,162.860049990406,23477,4171.860049990406,0.17769987860418307,0.00016910187935798016
1337,12109,218362,39447,0.1806495635687528,10553,1166.3268068651003,228915,40613.3268068651,0.17741662541495795,-0.0032329381537948565
1379,12003,27312,3526,0.12910076157000586,2012,352.68083482954194,29324,3878.6808348295417,0.1322698415915135,0.0031690800215076476
1409,12045,15851,2831,0.17860071919752696,915,149.57799658708828,16766,2980.5779965870884,0.1777751399610574,-0.0008255792364695591
1435,12063,48721,8641,0.17735678660126022,661,104.35316352475463,49382,8745.353163524755,0.17709596945293335,-0.0002608171483268751
1463,12069,317586,82382,0.25940060330115305,9413,-227.32236603409737,326999,82154.6776339659,0.25123831459412993,-0.008162288707023124
1607,12121,43653,8758,0.20062767736467138,533,58.00934350261069,44186,8816.00934350261,0.19952042147971327,-0.0011072558849581082
1627,12077,8285,983,0.11864815932407967,-310,20.05610629741818,7975,1003.0561062974182,0.12577506035077343,0.007126901026693763
1662,12131,61528,11557,0.18783318164087895,2044,183.69121565517239,63572,11740.691215655172,0.18468337028338216,-0.0031498113574967845
1685,12119,113589,60323,0.5310637473699038,2344,-2188.281699881553,115933,58134.718300118446,0.5014509958348222,-0.029612751535081583
1742,12115,398011,135332,0.3400207531952634,4762,-2665.1934927138177,402773,132666.80650728618,0.32938356470589186,-0.010637188489371563
1762,12073,284788,32313,0.11346334817478265,7636,2598.3323048397306,292424,34911.33230483973,0.11938600219147447,0.005922654016691814
1765,12019,200346,28434,0.14192447066574826,10045,1733.9266380907056,210391,30167.926638090707,0.14338981533473727,0.0014653446689890104
1816,12105,637691,124105,0.19461620126362142,12650,876.6557383408792,650341,124981.65573834088,0.19217865049003657,-0.0024375507735848456
1839,12001,256581,31895,0.12430772348693005,-79,1333.9287513118513,256502,33228.928751311854,0.12954647040300604,0.005238746916075995
1864,12029,16084,3495,0.2172966923650833,162,4.658938153433204,16246,3499.658938153433,0.2154166526008515,-0.0018800397642318167
1895,12023,68198,11721,0.1718672101821168,2056,340.2848034098057,70254,12061.284803409806,0.17168111144432782,-0.00018609873778896446
1922,12005,178361,28723,0.1610385678483525,-3528,-716.2602801570107,174833,28006.73971984299,0.16019138103128694,-0.0008471868170655539
2016,12075,39707,8964,0.2257536454529428,386,-40.50187189985693,40093,8923.498128100144,0.2225699780036451,-0.0031836674492976835
2136,12031,900890,114609,0.12721752933210492,-1967,1121.829002186111,898923,115730.82900218612,0.12874387350438926,0.0015263441722843385
2139,12083,340341,94663,0.2781416285431376,6862,-202.6493583321138,347203,94460.35064166789,0.27206087113782973,-0.0060807574053078906
2145,12041,17033,3333,0.19567897610520754,334,56.18857760836669,17367,3389.188577608367,0.19515106682837374,-0.000527909276833799
2178,12049,27302,3958,0.1449710643908871,-1672,-198.9558932858743,25630,3759.0441067141255,0.1466657864500244,0.001694722059137288
2192,12053,176797,48524,0.27446167072970695,4814,48.65140372089703,181611,48572.6514037209,0.2674543469488131,-0.007007323780893859
2202,12055,98862,33506,0.3389168740264207,1810,-426.11121144707744,100672,33079.888788552926,0.3285907579918242,-0.010326116034596489
2241,12065,14082,2833,0.20117880982814942,463,25.271568894305723,14545,2858.271568894306,0.1965123113712139,-0.004666498456935536
2295,12027,35134,6819,0.19408550122388568,1085,239.64966951994276,36219,7058.649669519943,0.19488803306330774,0.0008025318394220549
2370,12085,153592,45088,0.2935569560914631,3353,-371.2378769352234,156945,44716.76212306478,0.2849199536338512,-0.008637002457611898
2398,12125,15159,1933,0.1275150075862524,1838,400.90211992589116,16997,2333.9021199258914,0.13731259162945764,0.009797584043205243
2422,12089,77187,15357,0.19895837381942555,688,-129.13293100100447,77875,15227.867068998996,0.1955424342728603,-0.0034159395465652442
2458,12071,680970,179332,0.2633478714187115,13996,-435.4112980485367,694966,178896.58870195146,0.257417756698819,-0.005930114719892521
